Emocion, Mano Izquierda, Mano Derecha, Pierna Izquierda, Pierna Derecha, Cabeza, Direccion de vista, Apertura mano Izq, Apertura mano Der,Distancia,
Sad,(-2.0/ 0.8/ -0.2), (-1.7/ 1.1/ -0.5), (-2.0/ 0.1/ -0.5), (-2.1/ 0.1/ -0.6), (-2.0/ 1.5/ -0.5), (0.0/ 0.0/ 0.0), 0.3333333, 0.3333333,110.5902
Sad,(-2.0/ 0.8/ -0.3), (-1.7/ 1.0/ -0.6), (-2.0/ 0.1/ -0.5), (-2.1/ 0.1/ -0.6), (-2.0/ 1.5/ -0.4), (0.0/ 0.0/ 0.0), 0.3333333, 0.3333333,109.8276
Sad,(-2.0/ 0.8/ -0.3), (-1.7/ 1.0/ -0.7), (-2.0/ 0.1/ -0.5), (-2.1/ 0.1/ -0.6), (-2.0/ 1.5/ -0.5), (0.0/ 0.0/ 0.0), 0.3333333, 0.3333333,109.7521
Sad,(-2.0/ 0.8/ -0.3), (-1.7/ 1.0/ -0.7), (-2.0/ 0.1/ -0.5), (-2.1/ 0.1/ -0.6), (-2.0/ 1.5/ -0.5), (0.0/ 0.0/ 0.0), 0.3333333, 0.3333333,109.9045
Sad,(-2.0/ 0.8/ -0.3), (-1.7/ 1.0/ -0.6), (-2.0/ 0.1/ -0.5), (-2.1/ 0.1/ -0.6), (-2.0/ 1.5/ -0.5), (0.0/ 0.0/ 0.0), 0.3333333, 0.3333333,110.2938
Sad,(-1.8/ 0.8/ -0.5), (-1.9/ 1.1/ -1.0), (-2.0/ 0.1/ -0.6), (-2.1/ 0.1/ -0.6), (-2.0/ 1.5/ -0.6), (0.0/ 0.0/ 0.0), 0.3333333, 0.3333333,111.4543
Sad,(-1.9/ 0.8/ -0.8), (-2.2/ 1.0/ -0.9), (-2.0/ 0.1/ -0.6), (-2.1/ 0.1/ -0.6), (-2.0/ 1.4/ -0.7), (0.0/ 0.0/ 0.0), 0.3333333, 0.3333333,119.094
Sad,(-2.0/ 0.8/ -0.9), (-2.3/ 1.0/ -0.7), (-2.0/ 0.1/ -0.6), (-2.0/ 0.1/ -0.4), (-2.0/ 1.5/ -0.7), (0.0/ 0.0/ 0.0), 0.3333333, 0.3333333,119.9839
Sad,(-2.1/ 0.8/ -0.8), (-2.4/ 1.1/ -0.7), (-2.0/ 0.1/ -0.6), (-2.0/ 0.1/ -0.5), (-2.1/ 1.5/ -0.7), (0.0/ 0.0/ 0.0), 0.3333333, 0.3333333,124.0302
Sad,(-1.7/ 0.8/ -0.9), (-2.1/ 1.1/ -1.0), (-1.9/ 0.1/ -0.7), (-2.0/ 0.1/ -0.5), (-1.9/ 1.4/ -0.7), (0.0/ 0.0/ 0.0), 0.3333333, 0.3333333,110.4178
Sad,(-1.6/ 0.9/ -0.7), (-1.9/ 1.1/ -1.0), (-1.9/ 0.1/ -0.7), (-2.1/ 0.1/ -0.6), (-1.9/ 1.5/ -0.7), (0.0/ 0.0/ 0.0), 0.3333333, 0.3333333,106.2355
Sad,(-1.9/ 0.9/ -1.1), (-2.3/ 1.1/ -1.0), (-1.9/ 0.1/ -0.9), (-2.1/ 0.1/ -0.6), (-2.0/ 1.5/ -0.8), (0.0/ 0.0/ 0.0), 0.3333333, 0.3333333,119.7359
Sad,(-2.1/ 1.0/ -1.4), (-2.3/ 1.2/ -1.0), (-2.0/ 0.1/ -0.9), (-1.9/ 0.1/ -0.7), (-2.0/ 1.5/ -1.0), (0.0/ 0.0/ 0.0), 0.3333333, 0.3333333,125.1221
Sad,(-2.4/ 1.2/ -1.5), (-2.5/ 1.2/ -1.1), (-2.0/ 0.1/ -0.9), (-2.1/ 0.1/ -1.0), (-2.1/ 1.4/ -1.1), (0.0/ 0.0/ 0.0), 0.3333333, 0.3333333,137.1218
Sad,(-2.5/ 1.1/ -1.6), (-2.7/ 1.2/ -1.2), (-2.3/ 0.2/ -1.2), (-2.2/ 0.1/ -1.0), (-2.3/ 1.5/ -1.2), (0.0/ 0.0/ 0.0), 0.3333333, 0.3333333,152.6692
Sad,(-2.3/ 0.9/ -1.7), (-2.7/ 1.1/ -1.3), (-2.4/ 0.1/ -1.4), (-2.2/ 0.1/ -1.0), (-2.4/ 1.4/ -1.3), (0.0/ 0.0/ 0.0), 0.3333333, 0.3333333,155.712
Sad,(-2.5/ 1.0/ -1.9), (-2.8/ 1.1/ -1.6), (-2.4/ 0.1/ -1.4), (-2.6/ 0.1/ -1.5), (-2.5/ 1.5/ -1.6), (0.0/ 0.0/ 0.0), 0.3333333, 0.3333333,172.1777
Sad,(-2.6/ 0.9/ -1.9), (-2.9/ 1.0/ -1.7), (-2.6/ 0.2/ -1.7), (-2.6/ 0.1/ -1.4), (-2.6/ 1.5/ -1.6), (0.0/ 0.0/ 0.0), 0.3333333, 0.3333333,183.3079
Sad,(-2.7/ 0.9/ -2.0), (-3.0/ 1.0/ -1.8), (-2.8/ 0.1/ -1.9), (-2.6/ 0.1/ -1.4), (-2.8/ 1.4/ -1.7), (0.0/ 0.0/ 0.0), 0.3333333, 0.3333333,194.2997
Sad,(-2.6/ 0.9/ -2.2), (-3.1/ 1.1/ -2.0), (-2.8/ 0.1/ -1.9), (-2.5/ 0.3/ -1.6), (-2.8/ 1.5/ -1.9), (0.0/ 0.0/ 0.0), 0.3333333, 0.3333333,197.2614
Sad,(-2.7/ 0.9/ -2.3), (-3.1/ 1.1/ -2.0), (-2.8/ 0.1/ -1.9), (-2.7/ 0.3/ -1.7), (-2.8/ 1.5/ -2.0), (0.0/ 0.0/ 0.0), 0.3333333, 0.3333333,202.9066
Sad,(-2.7/ 0.9/ -2.3), (-3.1/ 1.1/ -2.0), (-2.8/ 0.1/ -1.9), (-2.9/ 0.1/ -1.8), (-2.8/ 1.5/ -2.0), (0.0/ 0.0/ 0.0), 0.3333333, 0.3333333,206.9896
Sad,(-2.8/ 0.9/ -2.3), (-3.3/ 1.0/ -2.0), (-2.8/ 0.1/ -1.9), (-2.9/ 0.1/ -1.7), (-2.9/ 1.5/ -1.9), (0.0/ 0.0/ 0.0), 0.3333333, 0.3333333,209.8697
Sad,(-2.9/ 0.9/ -2.3), (-3.3/ 1.0/ -2.0), (-2.9/ 0.1/ -2.1), (-2.9/ 0.1/ -1.7), (-3.0/ 1.4/ -2.0), (0.0/ 0.0/ 0.0), 0.3333333, 0.3333333,215.3871
Sad,(-2.8/ 0.9/ -2.5), (-3.2/ 1.0/ -2.3), (-3.0/ 0.1/ -2.4), (-2.9/ 0.1/ -1.7), (-2.9/ 1.4/ -2.2), (0.0/ 0.0/ 0.0), 0.3333333, 0.3333333,222.1383
Sad,(-2.9/ 0.9/ -2.7), (-3.2/ 1.0/ -2.5), (-3.0/ 0.1/ -2.4), (-3.1/ 0.1/ -2.3), (-2.9/ 1.5/ -2.5), (0.0/ 0.0/ 0.0), 0.3333333, 0.3333333,235.6799
Sad,(-3.1/ 1.0/ -3.0), (-3.5/ 1.1/ -2.6), (-3.0/ 0.2/ -2.5), (-3.1/ 0.1/ -2.5), (-3.1/ 1.5/ -2.6), (0.0/ 0.0/ 0.0), 0.3333333, 0.3333333,251.734
Sad,(-3.3/ 0.9/ -3.0), (-3.5/ 1.0/ -2.6), (-3.1/ 0.1/ -2.9), (-3.1/ 0.1/ -2.5), (-3.2/ 1.4/ -2.7), (0.0/ 0.0/ 0.0), 0.3333333, 0.3333333,260.5202
Sad,(-3.5/ 1.1/ -3.1), (-3.4/ 1.2/ -2.5), (-3.1/ 0.1/ -2.9), (-3.1/ 0.1/ -2.5), (-3.2/ 1.4/ -2.8), (0.0/ 0.0/ 0.0), 0.3333333, 0.3333333,262.8835
Sad,(-3.4/ 1.0/ -3.1), (-3.4/ 1.1/ -2.6), (-3.1/ 0.1/ -2.8), (-3.1/ 0.1/ -2.5), (-3.1/ 1.4/ -2.8), (0.0/ 0.0/ 0.0), 0.3333333, 0.3333333,261.5109
Sad,(-3.4/ 1.1/ -3.2), (-3.5/ 1.1/ -2.7), (-3.1/ 0.1/ -2.8), (-3.1/ 0.1/ -2.5), (-3.2/ 1.4/ -2.8), (0.0/ 0.0/ 0.0), 0.3333333, 0.3333333,264.5009
Sad,(-3.4/ 1.0/ -3.2), (-3.5/ 1.0/ -2.8), (-3.1/ 0.1/ -2.8), (-3.1/ 0.1/ -2.5), (-3.2/ 1.4/ -2.8), (0.0/ 0.0/ 0.0), 0.3333333, 0.3333333,264.7199
Sad,(-3.3/ 1.0/ -3.2), (-3.5/ 1.1/ -2.9), (-3.1/ 0.1/ -2.8), (-3.1/ 0.1/ -2.5), (-3.2/ 1.4/ -2.8), (0.0/ 0.0/ 0.0), 0.3333333, 0.3333333,264.996
Sad,(-3.3/ 1.0/ -3.2), (-3.5/ 1.1/ -2.9), (-3.1/ 0.1/ -2.8), (-3.1/ 0.1/ -2.5), (-3.2/ 1.4/ -2.8), (0.0/ 0.0/ 0.0), 0.3333333, 0.3333333,265.3908
Sad,(-3.3/ 1.1/ -3.2), (-3.5/ 1.1/ -2.8), (-3.1/ 0.1/ -2.8), (-3.1/ 0.1/ -2.5), (-3.2/ 1.4/ -2.8), (0.0/ 0.0/ 0.0), 0.3333333, 0.3333333,265.5176
Sad,(-3.4/ 1.0/ -3.2), (-3.4/ 1.1/ -2.5), (-3.1/ 0.1/ -2.8), (-3.1/ 0.1/ -2.5), (-3.2/ 1.4/ -2.8), (0.0/ 0.0/ 0.0), 0.3333333, 0.3333333,261.7017
Sad,(-3.5/ 1.0/ -3.1), (-3.4/ 1.1/ -2.5), (-3.1/ 0.1/ -2.8), (-3.1/ 0.1/ -2.5), (-3.2/ 1.4/ -2.8), (0.0/ 0.0/ 0.0), 0.3333333, 0.3333333,261.3041
Sad,(-3.4/ 1.0/ -3.1), (-3.5/ 1.1/ -2.5), (-3.1/ 0.1/ -2.8), (-3.1/ 0.1/ -2.5), (-3.2/ 1.4/ -2.8), (0.0/ 0.0/ 0.0), 0.3333333, 0.3333333,261.8417
Sad,(-3.4/ 1.0/ -3.1), (-3.5/ 1.0/ -2.6), (-3.1/ 0.1/ -2.8), (-3.1/ 0.1/ -2.5), (-3.2/ 1.4/ -2.8), (0.0/ 0.0/ 0.0), 0.3333333, 0.3333333,261.7684
Sad,(-3.3/ 1.0/ -3.1), (-3.6/ 1.1/ -2.6), (-3.1/ 0.1/ -2.8), (-3.1/ 0.1/ -2.5), (-3.2/ 1.4/ -2.7), (0.0/ 0.0/ 0.0), 0.3333333, 0.3333333,263.2555
Sad,(-3.2/ 1.0/ -3.1), (-3.6/ 1.0/ -2.8), (-3.2/ 0.1/ -2.8), (-3.1/ 0.1/ -2.5), (-3.2/ 1.4/ -2.7), (0.0/ 0.0/ 0.0), 0.3333333, 0.3333333,262.7562
Sad,(-3.1/ 1.0/ -3.2), (-3.5/ 1.0/ -2.8), (-3.3/ 0.1/ -3.0), (-3.1/ 0.1/ -2.5), (-3.2/ 1.4/ -2.8), (0.0/ 0.0/ 0.0), 0.3333333, 0.3333333,265.681
Sad,(-3.2/ 1.0/ -3.4), (-3.6/ 1.0/ -2.9), (-3.3/ 0.1/ -3.0), (-3.1/ 0.1/ -2.5), (-3.2/ 1.4/ -3.0), (0.0/ 0.0/ 0.0), 0.3333333, 0.3333333,272.6409
Sad,(-3.5/ 1.0/ -3.5), (-3.5/ 1.1/ -2.9), (-3.3/ 0.1/ -3.0), (-3.2/ 0.1/ -2.8), (-3.2/ 1.5/ -3.2), (0.0/ 0.0/ 0.0), 0.3333333, 0.3333333,281.4707
Sad,(-3.5/ 1.0/ -3.4), (-3.5/ 1.1/ -2.8), (-3.3/ 0.1/ -3.0), (-3.3/ 0.2/ -2.7), (-3.3/ 1.5/ -3.1), (0.0/ 0.0/ 0.0), 0.3333333, 0.3333333,281.8338
Sad,(-3.6/ 1.0/ -3.3), (-3.6/ 1.1/ -2.6), (-3.3/ 0.1/ -3.0), (-3.3/ 0.1/ -2.7), (-3.4/ 1.4/ -3.0), (0.0/ 0.0/ 0.0), 0.3333333, 0.3333333,280.4021
Sad,(-3.7/ 1.0/ -3.2), (-3.7/ 1.1/ -2.6), (-3.3/ 0.1/ -3.0), (-3.3/ 0.1/ -2.7), (-3.4/ 1.4/ -2.9), (0.0/ 0.0/ 0.0), 0.3333333, 0.3333333,280.8318
Sad,(-3.7/ 1.0/ -3.2), (-3.7/ 1.1/ -2.6), (-3.3/ 0.1/ -3.0), (-3.3/ 0.1/ -2.7), (-3.5/ 1.4/ -2.9), (0.0/ 0.0/ 0.0), 0.3333333, 0.3333333,281.7681
Sad,(-3.7/ 1.0/ -3.2), (-3.7/ 1.1/ -2.6), (-3.3/ 0.1/ -3.0), (-3.3/ 0.1/ -2.7), (-3.5/ 1.4/ -2.9), (0.0/ 0.0/ 0.0), 0.3333333, 0.3333333,280.9853
Sad,(-3.6/ 1.0/ -3.2), (-3.7/ 1.1/ -2.6), (-3.3/ 0.1/ -3.0), (-3.3/ 0.1/ -2.7), (-3.4/ 1.4/ -2.9), (0.0/ 0.0/ 0.0), 0.3333333, 0.3333333,280.7307
Sad,(-3.6/ 1.0/ -3.2), (-3.7/ 1.1/ -2.6), (-3.3/ 0.1/ -3.0), (-3.3/ 0.1/ -2.7), (-3.4/ 1.4/ -2.9), (0.0/ 0.0/ 0.0), 0.3333333, 0.3333333,280.5899
Sad,(-3.5/ 1.0/ -3.2), (-3.7/ 1.0/ -2.6), (-3.2/ 0.1/ -2.9), (-3.3/ 0.1/ -2.7), (-3.5/ 1.4/ -2.9), (0.0/ 0.0/ 0.0), 0.3333333, 0.3333333,278.2979
Sad,(-3.3/ 1.0/ -3.3), (-3.7/ 1.0/ -2.7), (-3.1/ 0.1/ -2.7), (-3.3/ 0.1/ -2.7), (-3.4/ 1.4/ -2.9), (0.0/ 0.0/ 0.0), 0.3333333, 0.3333333,272.171
Sad,(-3.1/ 1.0/ -3.2), (-3.4/ 1.0/ -2.7), (-3.1/ 0.1/ -2.7), (-3.3/ 0.1/ -2.7), (-3.1/ 1.5/ -2.9), (0.0/ 0.0/ 0.0), 0.3333333, 0.3333333,261.3162
Sad,(-3.2/ 1.1/ -3.2), (-3.4/ 1.1/ -2.6), (-3.1/ 0.1/ -2.7), (-3.2/ 0.1/ -2.6), (-3.1/ 1.5/ -2.8), (0.0/ 0.0/ 0.0), 0.3333333, 0.3333333,259.1603
Sad,(-3.2/ 1.0/ -3.2), (-3.6/ 1.0/ -2.6), (-3.1/ 0.1/ -2.7), (-3.3/ 0.1/ -2.6), (-3.3/ 1.4/ -2.8), (0.0/ 0.0/ 0.0), 0.3333333, 0.3333333,263.9637
Sad,(-3.5/ 1.0/ -3.2), (-3.8/ 1.0/ -2.6), (-3.5/ 0.1/ -2.9), (-3.3/ 0.1/ -2.6), (-3.5/ 1.4/ -2.8), (0.0/ 0.0/ 0.0), 0.3333333, 0.3333333,278.8009
Sad,(-3.8/ 1.0/ -3.2), (-3.9/ 1.0/ -2.5), (-3.8/ 0.1/ -2.8), (-3.3/ 0.1/ -2.6), (-3.6/ 1.4/ -2.8), (0.0/ 0.0/ 0.0), 0.3333333, 0.3333333,286.4273
Sad,(-4.0/ 1.1/ -3.3), (-4.1/ 1.1/ -2.5), (-3.8/ 0.1/ -2.8), (-3.7/ 0.2/ -2.6), (-3.8/ 1.5/ -2.9), (0.0/ 0.0/ 0.0), 0.3333333, 0.3333333,299.6677
Sad,(-3.8/ 1.1/ -3.2), (-4.1/ 1.0/ -2.7), (-3.8/ 0.1/ -2.8), (-3.8/ 0.1/ -2.5), (-3.8/ 1.5/ -2.8), (0.0/ 0.0/ 0.0), 0.3333333, 0.3333333,299.4727
Sad,(-3.8/ 1.1/ -3.1), (-4.2/ 1.0/ -2.7), (-3.8/ 0.1/ -2.8), (-3.8/ 0.1/ -2.5), (-3.9/ 1.4/ -2.7), (0.0/ 0.0/ 0.0), 0.3333333, 0.3333333,299.4051
Sad,(-3.7/ 1.1/ -3.0), (-4.2/ 0.9/ -2.8), (-3.8/ 0.1/ -2.8), (-3.8/ 0.1/ -2.5), (-3.9/ 1.5/ -2.7), (0.0/ 0.0/ 0.0), 0.3333333, 0.3333333,298.0439
Sad,(-3.7/ 1.1/ -3.1), (-4.1/ 0.9/ -2.8), (-3.8/ 0.1/ -2.8), (-3.8/ 0.1/ -2.5), (-3.9/ 1.5/ -2.7), (0.0/ 0.0/ 0.0), 0.3333333, 0.3333333,297.4269
Sad,(-3.8/ 1.1/ -3.2), (-4.2/ 1.0/ -2.7), (-3.8/ 0.1/ -2.8), (-3.8/ 0.1/ -2.5), (-3.9/ 1.4/ -2.7), (0.0/ 0.0/ 0.0), 0.3333333, 0.3333333,300.0301
Sad,(-4.0/ 1.1/ -3.2), (-4.2/ 1.1/ -2.6), (-3.8/ 0.1/ -2.8), (-3.8/ 0.1/ -2.5), (-3.8/ 1.4/ -2.8), (0.0/ 0.0/ 0.0), 0.3333333, 0.3333333,300.8082
Sad,(-4.0/ 1.1/ -3.1), (-4.1/ 1.1/ -2.5), (-3.8/ 0.1/ -2.8), (-3.8/ 0.1/ -2.5), (-3.8/ 1.4/ -2.8), (0.0/ 0.0/ 0.0), 0.3333333, 0.3333333,298.8393
Sad,(-4.0/ 1.1/ -3.1), (-4.2/ 1.0/ -2.5), (-3.8/ 0.1/ -2.8), (-3.8/ 0.1/ -2.5), (-3.8/ 1.4/ -2.7), (0.0/ 0.0/ 0.0), 0.3333333, 0.3333333,300.1582
Sad,(-3.9/ 1.2/ -3.1), (-4.2/ 1.0/ -2.8), (-3.8/ 0.1/ -2.8), (-3.8/ 0.1/ -2.5), (-3.9/ 1.4/ -2.7), (0.0/ 0.0/ 0.0), 0.3333333, 0.3333333,301.7617
Sad,(-3.6/ 1.1/ -3.1), (-4.1/ 0.9/ -2.9), (-3.8/ 0.1/ -2.9), (-3.8/ 0.1/ -2.5), (-3.8/ 1.4/ -2.7), (0.0/ 0.0/ 0.0), 0.3333333, 0.3333333,297.7935
Sad,(-3.6/ 1.0/ -3.3), (-4.0/ 0.9/ -3.0), (-3.8/ 0.1/ -2.9), (-3.8/ 0.1/ -2.5), (-3.7/ 1.4/ -2.9), (0.0/ 0.0/ 0.0), 0.3333333, 0.3333333,299.7965
Sad,(-3.9/ 1.1/ -3.3), (-4.1/ 1.1/ -2.7), (-3.8/ 0.1/ -2.9), (-3.5/ 0.2/ -2.5), (-3.7/ 1.5/ -2.9), (0.0/ 0.0/ 0.0), 0.3333333, 0.3333333,297.744
Sad,(-4.0/ 1.1/ -3.0), (-3.9/ 1.0/ -2.5), (-3.8/ 0.1/ -2.9), (-3.5/ 0.1/ -2.6), (-3.7/ 1.5/ -2.8), (0.0/ 0.0/ 0.0), 0.3333333, 0.3333333,292.0883
Sad,(-4.0/ 1.1/ -3.0), (-3.9/ 1.0/ -2.5), (-3.8/ 0.1/ -2.8), (-3.5/ 0.1/ -2.6), (-3.7/ 1.5/ -2.7), (0.0/ 0.0/ 0.0), 0.3333333, 0.3333333,290.0198
Sad,(-3.8/ 1.0/ -3.1), (-4.0/ 1.0/ -2.6), (-3.6/ 0.1/ -2.8), (-3.5/ 0.1/ -2.6), (-3.7/ 1.4/ -2.7), (0.0/ 0.0/ 0.0), 0.3333333, 0.3333333,287.7245
Sad,(-3.3/ 1.1/ -3.1), (-3.9/ 0.9/ -2.8), (-3.3/ 0.1/ -2.7), (-3.5/ 0.1/ -2.6), (-3.5/ 1.4/ -2.8), (0.0/ 0.0/ 0.0), 0.3333333, 0.3333333,277.8077
Sad,(-3.0/ 1.1/ -3.1), (-3.5/ 0.9/ -2.9), (-3.3/ 0.1/ -2.7), (-3.5/ 0.2/ -2.6), (-3.3/ 1.5/ -2.8), (0.0/ 0.0/ 0.0), 0.3333333, 0.3333333,268.6683
Sad,(-2.9/ 1.1/ -3.1), (-3.5/ 0.9/ -3.1), (-3.3/ 0.1/ -2.7), (-3.4/ 0.1/ -3.0), (-3.2/ 1.5/ -2.8), (0.0/ 0.0/ 0.0), 0.3333333, 0.3333333,270.9124
Sad,(-2.9/ 1.1/ -3.3), (-3.6/ 0.9/ -3.3), (-3.3/ 0.2/ -2.9), (-3.4/ 0.1/ -3.0), (-3.3/ 1.4/ -3.1), (0.0/ 0.0/ 0.0), 0.3333333, 0.3333333,280.0429
Sad,(-3.1/ 1.0/ -3.5), (-3.7/ 0.9/ -3.3), (-3.3/ 0.1/ -3.5), (-3.4/ 0.1/ -3.0), (-3.4/ 1.5/ -3.2), (0.0/ 0.0/ 0.0), 0.3333333, 0.3333333,294.1248
Sad,(-3.3/ 1.0/ -3.8), (-3.7/ 0.9/ -3.3), (-3.3/ 0.1/ -3.4), (-3.4/ 0.1/ -3.0), (-3.4/ 1.4/ -3.4), (0.0/ 0.0/ 0.0), 0.3333333, 0.3333333,300.6517
--------------------,-------------,--------------------,-------------,--------------------,-------------,--------------------,-------------,--------------------,-------------
Sad,(-3.7/ 1.0/ -3.8), (-4.0/ 1.2/ -3.2), (-3.5/ 0.1/ -3.3), (-3.6/ 0.1/ -3.2), (-3.6/ 1.4/ -3.4), (0.0/ 0.0/ 0.0), 0.3333333, 0.3333333,313.3376
Sad,(-3.7/ 1.0/ -3.8), (-3.9/ 1.1/ -3.1), (-3.5/ 0.1/ -3.3), (-3.6/ 0.1/ -3.2), (-3.6/ 1.4/ -3.4), (0.0/ 0.0/ 0.0), 0.3333333, 0.3333333,311.4461
Sad,(-3.6/ 1.0/ -3.8), (-3.7/ 1.0/ -3.1), (-3.5/ 0.1/ -3.3), (-3.7/ 0.1/ -3.3), (-3.6/ 1.5/ -3.5), (0.0/ 0.0/ 0.0), 0.3333333, 0.3333333,310.7869
Sad,(-3.9/ 1.0/ -3.8), (-3.9/ 1.0/ -3.1), (-3.8/ 0.1/ -3.4), (-3.7/ 0.1/ -3.4), (-3.8/ 1.4/ -3.5), (0.0/ 0.0/ 0.0), 0.3333333, 0.3333333,322.4834
Sad,(-3.6/ 1.0/ -3.7), (-3.8/ 1.0/ -3.0), (-3.8/ 0.1/ -3.4), (-3.4/ 0.2/ -3.2), (-3.6/ 1.5/ -3.4), (0.0/ 0.0/ 0.0), 0.3333333, 0.3333333,312.0792
Sad,(-3.9/ 1.0/ -3.9), (-3.9/ 1.0/ -3.2), (-3.8/ 0.1/ -3.4), (-3.8/ 0.2/ -3.4), (-3.8/ 1.5/ -3.6), (0.0/ 0.0/ 0.0), 0.3333333, 0.3333333,327.4299
Sad,(-4.1/ 1.0/ -4.0), (-4.2/ 0.9/ -3.3), (-3.8/ 0.2/ -3.5), (-4.1/ 0.1/ -3.6), (-4.0/ 1.4/ -3.7), (0.0/ 0.0/ 0.0), 0.3333333, 0.3333333,344.9035
Sad,(-4.2/ 1.0/ -4.1), (-4.4/ 1.0/ -3.5), (-4.2/ 0.1/ -3.7), (-3.9/ 0.2/ -3.6), (-4.1/ 1.5/ -3.8), (0.0/ 0.0/ 0.0), 0.3333333, 0.3333333,358.8021
Sad,(-4.2/ 1.0/ -4.2), (-4.5/ 1.0/ -3.6), (-4.2/ 0.1/ -3.7), (-4.3/ 0.2/ -3.7), (-4.2/ 1.5/ -3.9), (0.0/ 0.0/ 0.0), 0.3333333, 0.3333333,368.6664
Sad,(-4.2/ 1.0/ -4.2), (-4.6/ 0.9/ -3.6), (-4.2/ 0.1/ -3.7), (-4.4/ 0.1/ -3.7), (-4.3/ 1.5/ -3.8), (0.0/ 0.0/ 0.0), 0.3333333, 0.3333333,370.9239
Sad,(-4.3/ 1.0/ -4.2), (-4.6/ 0.9/ -3.6), (-4.2/ 0.1/ -3.7), (-4.4/ 0.1/ -3.7), (-4.3/ 1.4/ -3.8), (0.0/ 0.0/ 0.0), 0.3333333, 0.3333333,371.5449
Sad,(-4.3/ 1.0/ -4.1), (-4.6/ 0.9/ -3.6), (-4.2/ 0.1/ -3.7), (-4.4/ 0.1/ -3.7), (-4.3/ 1.5/ -3.8), (0.0/ 0.0/ 0.0), 0.3333333, 0.3333333,371.5234
Sad,(-4.2/ 1.0/ -4.0), (-4.6/ 0.9/ -3.6), (-4.2/ 0.1/ -3.6), (-4.3/ 0.1/ -3.7), (-4.3/ 1.4/ -3.7), (0.0/ 0.0/ 0.0), 0.3333333, 0.3333333,366.8077
Sad,(-4.0/ 1.0/ -4.0), (-4.5/ 0.9/ -3.6), (-4.1/ 0.1/ -3.5), (-4.3/ 0.1/ -3.7), (-4.1/ 1.4/ -3.7), (0.0/ 0.0/ 0.0), 0.3333333, 0.3333333,360.1124
Sad,(-4.0/ 1.0/ -4.0), (-4.4/ 1.0/ -3.5), (-4.1/ 0.1/ -3.5), (-4.1/ 0.2/ -3.5), (-4.0/ 1.5/ -3.7), (0.0/ 0.0/ 0.0), 0.3333333, 0.3333333,350.8351
Sad,(-4.1/ 1.0/ -3.9), (-4.4/ 1.0/ -3.3), (-4.1/ 0.1/ -3.5), (-4.1/ 0.2/ -3.4), (-4.1/ 1.5/ -3.6), (0.0/ 0.0/ 0.0), 0.3333333, 0.3333333,347.0459
Sad,(-4.1/ 1.0/ -3.8), (-4.4/ 1.0/ -3.3), (-4.1/ 0.1/ -3.6), (-4.1/ 0.1/ -3.4), (-4.1/ 1.5/ -3.5), (0.0/ 0.0/ 0.0), 0.3333333, 0.3333333,347.8201
Sad,(-3.9/ 1.0/ -3.8), (-4.4/ 0.9/ -3.4), (-4.1/ 0.1/ -3.6), (-4.0/ 0.2/ -3.5), (-4.1/ 1.5/ -3.6), (0.0/ 0.0/ 0.0), 0.3333333, 0.3333333,345.2332
Sad,(-4.1/ 1.0/ -3.9), (-4.4/ 1.0/ -3.3), (-4.1/ 0.1/ -3.5), (-4.2/ 0.2/ -3.3), (-4.1/ 1.5/ -3.6), (0.0/ 0.0/ 0.0), 0.3333333, 0.3333333,348.0646
Sad,(-4.2/ 1.0/ -4.1), (-4.4/ 1.0/ -3.4), (-4.1/ 0.1/ -3.5), (-4.2/ 0.2/ -3.6), (-4.1/ 1.5/ -3.8), (0.0/ 0.0/ 0.0), 0.3333333, 0.3333333,355.6474
Sad,(-4.1/ 1.0/ -4.2), (-4.4/ 1.0/ -3.6), (-4.1/ 0.1/ -3.5), (-4.2/ 0.1/ -4.0), (-4.1/ 1.5/ -3.8), (0.0/ 0.0/ 0.0), 0.3333333, 0.3333333,361.3854
Sad,(-4.1/ 1.0/ -4.3), (-4.5/ 0.9/ -3.8), (-4.1/ 0.2/ -3.6), (-4.2/ 0.1/ -4.0), (-4.1/ 1.4/ -4.0), (0.0/ 0.0/ 0.0), 0.3333333, 0.3333333,369.5684
Sad,(-4.1/ 1.0/ -4.4), (-4.4/ 1.0/ -3.7), (-3.9/ 0.1/ -4.1), (-4.2/ 0.1/ -4.0), (-4.1/ 1.4/ -4.1), (0.0/ 0.0/ 0.0), 0.3333333, 0.3333333,370.2279
Sad,(-4.1/ 1.0/ -4.5), (-4.3/ 1.0/ -3.9), (-3.9/ 0.1/ -4.1), (-4.1/ 0.1/ -4.0), (-4.0/ 1.4/ -4.2), (0.0/ 0.0/ 0.0), 0.3333333, 0.3333333,371.539
Sad,(-4.2/ 1.0/ -4.4), (-4.2/ 1.1/ -3.8), (-3.9/ 0.1/ -4.0), (-4.0/ 0.2/ -3.9), (-4.0/ 1.5/ -4.2), (0.0/ 0.0/ 0.0), 0.3333333, 0.3333333,367.9307
Sad,(-4.3/ 1.0/ -4.3), (-4.2/ 1.1/ -3.6), (-3.9/ 0.1/ -4.1), (-4.0/ 0.1/ -3.9), (-4.0/ 1.4/ -4.0), (0.0/ 0.0/ 0.0), 0.3333333, 0.3333333,365.0062
Sad,(-4.3/ 1.1/ -4.2), (-4.1/ 1.0/ -3.5), (-3.7/ 0.2/ -3.8), (-4.0/ 0.1/ -3.9), (-4.0/ 1.5/ -3.9), (0.0/ 0.0/ 0.0), 0.3333333, 0.3333333,354.9448
Sad,(-4.2/ 1.1/ -4.1), (-4.0/ 1.0/ -3.5), (-3.6/ 0.1/ -3.7), (-4.0/ 0.1/ -3.9), (-3.9/ 1.4/ -3.9), (0.0/ 0.0/ 0.0), 0.3333333, 0.3333333,349.0501
Sad,(-4.1/ 1.1/ -4.1), (-3.9/ 1.1/ -3.4), (-3.6/ 0.1/ -3.7), (-4.0/ 0.1/ -3.7), (-3.8/ 1.5/ -3.9), (0.0/ 0.0/ 0.0), 0.3333333, 0.3333333,343.5281
Sad,(-4.1/ 1.0/ -4.1), (-4.0/ 1.1/ -3.4), (-3.6/ 0.1/ -3.7), (-3.8/ 0.2/ -3.5), (-3.8/ 1.5/ -3.8), (0.0/ 0.0/ 0.0), 0.3333333, 0.3333333,338.9308
Sad,(-4.0/ 1.0/ -4.0), (-4.1/ 1.0/ -3.3), (-3.7/ 0.1/ -3.7), (-3.8/ 0.1/ -3.5), (-3.8/ 1.4/ -3.7), (0.0/ 0.0/ 0.0), 0.3333333, 0.3333333,337.3082
Sad,(-4.0/ 1.0/ -3.9), (-4.1/ 1.0/ -3.3), (-3.7/ 0.1/ -3.7), (-3.8/ 0.1/ -3.5), (-3.8/ 1.4/ -3.6), (0.0/ 0.0/ 0.0), 0.3333333, 0.3333333,335.5039
Sad,(-4.0/ 1.0/ -3.9), (-4.1/ 1.0/ -3.3), (-3.7/ 0.1/ -3.7), (-3.8/ 0.1/ -3.5), (-3.8/ 1.4/ -3.6), (0.0/ 0.0/ 0.0), 0.3333333, 0.3333333,336.1398
Sad,(-3.9/ 1.0/ -4.0), (-4.0/ 1.0/ -3.3), (-3.7/ 0.1/ -3.7), (-3.8/ 0.1/ -3.5), (-3.8/ 1.4/ -3.7), (0.0/ 0.0/ 0.0), 0.3333333, 0.3333333,335.062
Sad,(-3.9/ 1.0/ -4.0), (-4.0/ 1.0/ -3.3), (-3.7/ 0.1/ -3.7), (-3.8/ 0.1/ -3.5), (-3.8/ 1.4/ -3.7), (0.0/ 0.0/ 0.0), 0.3333333, 0.3333333,334.3073
Sad,(-3.9/ 1.0/ -4.0), (-4.0/ 1.0/ -3.3), (-3.7/ 0.1/ -3.7), (-3.8/ 0.1/ -3.5), (-3.8/ 1.4/ -3.7), (0.0/ 0.0/ 0.0), 0.3333333, 0.3333333,335.0928
Sad,(-3.9/ 1.0/ -4.0), (-4.0/ 1.0/ -3.3), (-3.7/ 0.1/ -3.7), (-3.8/ 0.1/ -3.5), (-3.8/ 1.4/ -3.7), (0.0/ 0.0/ 0.0), 0.3333333, 0.3333333,334.1227
Sad,(-3.9/ 1.0/ -4.0), (-3.9/ 1.0/ -3.2), (-3.7/ 0.1/ -3.7), (-3.8/ 0.1/ -3.5), (-3.8/ 1.4/ -3.7), (0.0/ 0.0/ 0.0), 0.3333333, 0.3333333,333.0644
Sad,(-3.9/ 1.0/ -4.0), (-4.0/ 1.0/ -3.3), (-3.7/ 0.1/ -3.7), (-3.8/ 0.1/ -3.5), (-3.8/ 1.4/ -3.7), (0.0/ 0.0/ 0.0), 0.3333333, 0.3333333,334.9149
Sad,(-3.9/ 1.0/ -4.0), (-4.0/ 1.0/ -3.3), (-3.7/ 0.1/ -3.7), (-3.8/ 0.1/ -3.5), (-3.8/ 1.4/ -3.7), (0.0/ 0.0/ 0.0), 0.3333333, 0.3333333,335.8909
Sad,(-3.9/ 1.0/ -4.0), (-4.0/ 1.0/ -3.3), (-3.7/ 0.1/ -3.7), (-3.8/ 0.1/ -3.5), (-3.8/ 1.4/ -3.6), (0.0/ 0.0/ 0.0), 0.3333333, 0.3333333,333.8304
Sad,(-3.9/ 1.0/ -4.0), (-4.0/ 1.0/ -3.2), (-3.7/ 0.1/ -3.7), (-3.8/ 0.1/ -3.5), (-3.8/ 1.4/ -3.6), (0.0/ 0.0/ 0.0), 0.3333333, 0.3333333,333.0457
Sad,(-4.0/ 1.0/ -3.9), (-4.0/ 1.0/ -3.2), (-3.7/ 0.1/ -3.7), (-3.8/ 0.1/ -3.5), (-3.8/ 1.5/ -3.6), (0.0/ 0.0/ 0.0), 0.3333333, 0.3333333,334.0635
Sad,(-4.0/ 1.0/ -3.9), (-4.0/ 1.0/ -3.2), (-3.9/ 0.1/ -3.4), (-3.8/ 0.1/ -3.5), (-3.9/ 1.5/ -3.6), (0.0/ 0.0/ 0.0), 0.3333333, 0.3333333,333.0256
Sad,(-4.1/ 1.0/ -3.8), (-4.2/ 1.0/ -3.1), (-3.9/ 0.1/ -3.4), (-3.8/ 0.1/ -3.5), (-3.9/ 1.5/ -3.5), (0.0/ 0.0/ 0.0), 0.3333333, 0.3333333,335.5603
Sad,(-4.2/ 1.0/ -3.8), (-4.3/ 1.0/ -3.1), (-3.9/ 0.1/ -3.4), (-3.9/ 0.2/ -3.3), (-4.0/ 1.5/ -3.5), (0.0/ 0.0/ 0.0), 0.3333333, 0.3333333,337.1468
Sad,(-4.2/ 1.0/ -3.7), (-4.3/ 1.0/ -3.0), (-3.9/ 0.1/ -3.4), (-4.1/ 0.1/ -3.2), (-4.0/ 1.5/ -3.4), (0.0/ 0.0/ 0.0), 0.3333333, 0.3333333,335.4363
Sad,(-4.3/ 1.0/ -3.5), (-4.1/ 1.1/ -2.8), (-3.8/ 0.1/ -3.3), (-4.1/ 0.1/ -3.2), (-4.1/ 1.4/ -3.3), (0.0/ 0.0/ 0.0), 0.3333333, 0.3333333,328.5673
Sad,(-4.3/ 1.0/ -3.6), (-4.1/ 1.1/ -2.8), (-3.8/ 0.1/ -3.3), (-4.1/ 0.1/ -3.2), (-4.1/ 1.4/ -3.3), (0.0/ 0.0/ 0.0), 0.3333333, 0.3333333,329.3046
Sad,(-4.3/ 1.0/ -3.5), (-4.3/ 1.0/ -2.9), (-3.8/ 0.1/ -3.3), (-4.1/ 0.1/ -3.2), (-4.1/ 1.4/ -3.3), (0.0/ 0.0/ 0.0), 0.3333333, 0.3333333,331.9465
Sad,(-4.2/ 1.0/ -3.6), (-4.4/ 1.0/ -3.0), (-3.8/ 0.1/ -3.3), (-4.1/ 0.1/ -3.2), (-4.1/ 1.4/ -3.3), (0.0/ 0.0/ 0.0), 0.3333333, 0.3333333,334.1624
Sad,(-4.1/ 1.0/ -3.6), (-4.2/ 1.0/ -2.9), (-3.9/ 0.1/ -3.3), (-4.1/ 0.1/ -3.2), (-4.0/ 1.4/ -3.3), (0.0/ 0.0/ 0.0), 0.3333333, 0.3333333,330.8061
Sad,(-4.1/ 1.0/ -3.6), (-4.2/ 1.0/ -2.9), (-3.9/ 0.1/ -3.3), (-4.1/ 0.1/ -3.2), (-4.0/ 1.4/ -3.3), (0.0/ 0.0/ 0.0), 0.3333333, 0.3333333,330.6198
Sad,(-4.2/ 1.0/ -3.6), (-4.2/ 1.0/ -2.9), (-3.9/ 0.1/ -3.3), (-4.1/ 0.1/ -3.2), (-4.0/ 1.4/ -3.3), (0.0/ 0.0/ 0.0), 0.3333333, 0.3333333,330.7085
Sad,(-4.1/ 1.0/ -3.6), (-4.3/ 1.0/ -2.9), (-3.9/ 0.1/ -3.3), (-4.1/ 0.1/ -3.2), (-4.1/ 1.4/ -3.2), (0.0/ 0.0/ 0.0), 0.3333333, 0.3333333,330.9263
Sad,(-4.0/ 1.0/ -3.6), (-4.4/ 0.9/ -3.1), (-3.8/ 0.1/ -3.3), (-4.0/ 0.1/ -3.2), (-4.1/ 1.4/ -3.3), (0.0/ 0.0/ 0.0), 0.3333333, 0.3333333,331.395
Sad,(-3.8/ 1.0/ -3.7), (-4.3/ 0.9/ -3.4), (-3.9/ 0.1/ -3.3), (-4.0/ 0.1/ -3.2), (-3.9/ 1.4/ -3.4), (0.0/ 0.0/ 0.0), 0.3333333, 0.3333333,331.2
Sad,(-3.6/ 1.0/ -3.8), (-4.2/ 0.9/ -3.5), (-3.9/ 0.1/ -3.3), (-3.9/ 0.1/ -3.6), (-3.8/ 1.4/ -3.5), (0.0/ 0.0/ 0.0), 0.3333333, 0.3333333,332.3337
Sad,(-3.7/ 1.0/ -4.0), (-4.3/ 1.0/ -3.7), (-3.8/ 0.1/ -3.3), (-3.9/ 0.1/ -3.7), (-3.8/ 1.4/ -3.7), (0.0/ 0.0/ 0.0), 0.3333333, 0.3333333,341.2805

CAMINO 3
--------------------,-------------,--------------------,-------------,--------------------,-------------,--------------------,-------------,--------------------,-------------
Sad,(-3.7/ 1.0/ -4.1), (-4.3/ 1.0/ -3.8), (-3.6/ 0.1/ -3.7), (-3.9/ 0.1/ -3.7), (-3.8/ 1.4/ -3.8), (0.0/ 0.0/ 0.0), 0.3333333, 0.3333333,346.1052
Sad,(-3.7/ 1.0/ -4.2), (-4.0/ 1.0/ -3.6), (-3.6/ 0.1/ -3.7), (-3.8/ 0.1/ -3.7), (-3.7/ 1.4/ -3.9), (0.0/ 0.0/ 0.0), 0.3333333, 0.3333333,342.3602
Sad,(-3.9/ 1.0/ -4.2), (-3.9/ 1.1/ -3.4), (-3.6/ 0.1/ -3.7), (-3.8/ 0.2/ -3.6), (-3.7/ 1.5/ -3.9), (0.0/ 0.0/ 0.0), 0.3333333, 0.3333333,336.5832
Sad,(-4.0/ 1.0/ -4.0), (-3.9/ 1.0/ -3.2), (-3.6/ 0.1/ -3.7), (-3.7/ 0.1/ -3.5), (-3.8/ 1.4/ -3.7), (0.0/ 0.0/ 0.0), 0.3333333, 0.3333333,332.837
Sad,(-4.0/ 1.0/ -4.0), (-3.9/ 1.0/ -3.2), (-3.6/ 0.1/ -3.7), (-3.7/ 0.1/ -3.5), (-3.8/ 1.4/ -3.7), (0.0/ 0.0/ 0.0), 0.3333333, 0.3333333,332.837
Sad,(-4.0/ 1.0/ -4.0), (-3.9/ 1.0/ -3.2), (-3.6/ 0.1/ -3.7), (-3.7/ 0.1/ -3.5), (-3.8/ 1.4/ -3.7), (0.0/ 0.0/ 0.0), 0.3333333, 0.3333333,332.837
Sad,(-4.0/ 1.0/ -4.0), (-3.9/ 1.0/ -3.2), (-3.6/ 0.1/ -3.7), (-3.7/ 0.1/ -3.5), (-3.8/ 1.4/ -3.7), (0.0/ 0.0/ 0.0), 0.3333333, 0.3333333,332.837
Sad,(-4.0/ 1.0/ -4.0), (-3.9/ 1.0/ -3.2), (-3.6/ 0.1/ -3.7), (-3.7/ 0.1/ -3.5), (-3.8/ 1.4/ -3.7), (0.0/ 0.0/ 0.0), 0.3333333, 0.3333333,332.837
Sad,(-4.0/ 1.0/ -4.0), (-3.9/ 1.0/ -3.2), (-3.6/ 0.1/ -3.7), (-3.7/ 0.1/ -3.5), (-3.8/ 1.4/ -3.7), (0.0/ 0.0/ 0.0), 0.3333333, 0.3333333,332.837
Sad,(-4.0/ 1.0/ -4.0), (-3.9/ 1.0/ -3.2), (-3.6/ 0.1/ -3.7), (-3.7/ 0.1/ -3.5), (-3.8/ 1.4/ -3.7), (0.0/ 0.0/ 0.0), 0.3333333, 0.3333333,332.837
Sad,(-4.0/ 1.0/ -4.0), (-3.9/ 1.0/ -3.2), (-3.6/ 0.1/ -3.7), (-3.7/ 0.1/ -3.5), (-3.8/ 1.4/ -3.7), (0.0/ 0.0/ 0.0), 0.3333333, 0.3333333,332.837
Sad,(-4.0/ 1.0/ -4.0), (-3.9/ 1.0/ -3.2), (-3.6/ 0.1/ -3.7), (-3.7/ 0.1/ -3.5), (-3.8/ 1.4/ -3.7), (0.0/ 0.0/ 0.0), 0.3333333, 0.3333333,332.837
Sad,(-4.0/ 1.0/ -4.0), (-3.9/ 1.0/ -3.2), (-3.6/ 0.1/ -3.7), (-3.7/ 0.1/ -3.5), (-3.8/ 1.4/ -3.7), (0.0/ 0.0/ 0.0), 0.3333333, 0.3333333,332.837
Sad,(-4.0/ 1.0/ -4.0), (-3.9/ 1.0/ -3.2), (-3.6/ 0.1/ -3.7), (-3.7/ 0.1/ -3.5), (-3.8/ 1.4/ -3.7), (0.0/ 0.0/ 0.0), 0.3333333, 0.3333333,332.837
Sad,(-4.0/ 1.0/ -4.0), (-3.9/ 1.0/ -3.2), (-3.6/ 0.1/ -3.7), (-3.7/ 0.1/ -3.5), (-3.8/ 1.4/ -3.7), (0.0/ 0.0/ 0.0), 0.3333333, 0.3333333,332.837
Sad,(-4.0/ 1.0/ -4.0), (-3.9/ 1.0/ -3.2), (-3.6/ 0.1/ -3.7), (-3.7/ 0.1/ -3.5), (-3.8/ 1.4/ -3.7), (0.0/ 0.0/ 0.0), 0.3333333, 0.3333333,332.837
Sad,(-4.0/ 1.0/ -4.0), (-3.9/ 1.0/ -3.2), (-3.6/ 0.1/ -3.7), (-3.7/ 0.1/ -3.5), (-3.8/ 1.4/ -3.7), (0.0/ 0.0/ 0.0), 0.3333333, 0.3333333,332.837
Sad,(-4.0/ 1.0/ -4.0), (-3.9/ 1.0/ -3.2), (-3.6/ 0.1/ -3.7), (-3.7/ 0.1/ -3.5), (-3.8/ 1.4/ -3.7), (0.0/ 0.0/ 0.0), 0.3333333, 0.3333333,332.837
Sad,(-4.0/ 1.0/ -4.0), (-3.9/ 1.0/ -3.2), (-3.6/ 0.1/ -3.7), (-3.7/ 0.1/ -3.5), (-3.8/ 1.4/ -3.7), (0.0/ 0.0/ 0.0), 0.3333333, 0.3333333,332.837
Sad,(-4.0/ 1.0/ -4.0), (-3.9/ 1.0/ -3.2), (-3.6/ 0.1/ -3.7), (-3.7/ 0.1/ -3.5), (-3.8/ 1.4/ -3.7), (0.0/ 0.0/ 0.0), 0.3333333, 0.3333333,332.837
Sad,(-4.0/ 1.0/ -4.0), (-3.9/ 1.0/ -3.2), (-3.6/ 0.1/ -3.7), (-3.7/ 0.1/ -3.5), (-3.8/ 1.4/ -3.7), (0.0/ 0.0/ 0.0), 0.3333333, 0.3333333,332.837
Sad,(-4.0/ 1.0/ -4.0), (-3.9/ 1.0/ -3.2), (-3.6/ 0.1/ -3.7), (-3.7/ 0.1/ -3.5), (-3.8/ 1.4/ -3.7), (0.0/ 0.0/ 0.0), 0.3333333, 0.3333333,332.837
Sad,(-4.0/ 1.0/ -4.0), (-3.9/ 1.0/ -3.2), (-3.6/ 0.1/ -3.7), (-3.7/ 0.1/ -3.5), (-3.8/ 1.4/ -3.7), (0.0/ 0.0/ 0.0), 0.3333333, 0.3333333,332.837
Sad,(-4.0/ 1.0/ -4.0), (-3.9/ 1.0/ -3.2), (-3.6/ 0.1/ -3.7), (-3.7/ 0.1/ -3.5), (-3.8/ 1.4/ -3.7), (0.0/ 0.0/ 0.0), 0.3333333, 0.3333333,332.837
Sad,(-4.0/ 1.0/ -4.0), (-3.9/ 1.0/ -3.2), (-3.6/ 0.1/ -3.7), (-3.7/ 0.1/ -3.5), (-3.8/ 1.4/ -3.7), (0.0/ 0.0/ 0.0), 0.3333333, 0.3333333,332.837
--------------------,-------------,--------------------,-------------,--------------------,-------------,--------------------,-------------,--------------------,-------------
Tiempo en resolver la situación: 84,44 segundos

Entre el comienzo de la clase y el desarrollo de la situación crítica el tono de voz se vio modificado un 171,8475 %
No se ha detectado ninguna palabra